"product_name","profit"
"Viper Go Kart","3120.00"
"Spaceways 5 Piece Dining Set","800.00"
"Tower Vortx Dual Basket Air Fryer 7.6L","792.00"
"Coberg Bench Dining Set 3pc","770.00"
"Lokken Bookcase - Oak","736.00"
"Versailles Silver Crushed Velvet Fully Lined Curtains 66 x 72""","680.00"
"Light Up Secret Hideout Tent","638.00"
"Blaupunkt Rapid Air Fryer 4.5L","637.00"
"Oscar Velvet King Duvet Set - Dark Green","570.00"
"Goodmans Grey Geo 2 Slice Toaster","550.00"
"Coco Stripe Jacquard King Duvet Set - Green","510.00"
"Remote Control Robot Football","480.00"
"Home Collection Faux Mink Throw - Coconut Milk","460.00"
"Lokken 6 Cube Basket Storage Shelf - Oak","456.00"
"Goodmans Diamond 4 Slice Toaster - White & Rose Gold","455.00"
"Luxury Faux Fur Rug 100 x 150cm - Charcoal","450.00"
"Minecraft Caves & Cliffs Ender Dragon Playset","419.79"
"Lokken 6 Cube Basket Storage Shelf - White","418.00"
"Versailles Silver Crushed Velvet Fully Lined Curtains 66 x 90""","399.90"
"LEGO Minecraft The Skeleton Dungeon","379.81"
"Fleece Cable Knit Double Duvet Set - Cream","360.00"
"Lokken Bookcase - White","352.00"
"Spaceways Tall Shoe Rack","350.00"
"Loft Studio Velvet Dining Chair - Blush","350.00"
"The LEGO Speed Champions 007 Aston Martin DB5","341.81"
"Teletubbies Super Soft Toys 4pk","340.00"
"Lara Double Duvet Set - Khaki","340.00"
"Oakwood Throw - Brown","340.00"
"Ultimate Etch Art Creations Set","337.74"
"VTech Animal Fun Treehouse","329.90"
"Charcoal Jasmine Sparkle Velvet Eyelet Curtain 66 x 90""","319.92"
"Liberty Rug 100 x 150cm - Champagne","315.00"
"Multifunction Keyboard","315.00"
"Slush Puppie Slushie Machine","315.00"
"Eden Double Duvet Set - Green","306.00"
"Norvik Desk with Shelves","300.00"
"LEGO Star Wars Obi-Wan Kenobi vs Darth Vader","296.91"
"Wooden Rocking Horse","285.00"
"FurReal Dazzlin' Dimples My Playful Dolphin","279.93"
"Aspen Faux Fur Rug 100 x 150cm - Black","270.00"
"Jenson Geo Velvet Panel 54 x 86"" - Grey","260.00"
"Highland Woven Check Panel 54 x 86"" - Mono","260.00"
"Maine Ladder Shelf - Grey","250.00"
"Mega Baff Pack 12pk","246.81"
"Hot Wheels Shark Transporter","246.81"
"Fleece Cable Knit King Duvet Set - Cream","245.00"
"Breville Iced Coffee Maker","245.00"
"WWE Elite Collection Mustafa Ali Action Figure","237.83"
"Tower Air Fryer 4L - Black & Silver","236.00"
"Aspen Faux Fur Cushion - Green","230.00"
"Aston Martin Vintage Remote Control Car - Red","225.00"
"LEGO Black Panther Shuri's Sunbird","224.95"
"LEGO Star Wars Obi-Wan Kenobi Jedi Starfighter","224.91"
"Paw Patrol Casting Station","220.83"
"Love & Hugs Party Hair Pack 15pc","220.83"
"Norsk Wall Unit - Grey","220.00"
"Lokken 2 Cube Shelving Unit - Grey","216.00"
"Willow Lace Tie Top Voile 55 x 90"" - Natural","216.00"
"LEGO 1960 Vespa 125","215.97"
"Russell Hobbs Groove Kettle 1.7L - Black & Gold","210.00"
"Heinrich White Desk with Shelves","210.00"
"WWE Wrestlemania Superstar Ring & Figures Playset","209.93"
"Hobby World 2-in-1 Tabletop Art Centre","207.84"
"3-Wheel Ride-On Motorbike","200.00"
"Kent Woven Eyelet Blackout Panel 54 x 86"" - Charcoal","200.00"
"Cambridge Blackout Panel 54 x 86"" - Stone","195.00"
"Brick by Brick Heroes Figure Collection 40pk","181.86"
"Goodmans Plastic 2 Slice Toaster - Black","180.00"
"Cable Knit Sherpa Throw","180.00"
"Harris Check Brushed Cotton Double Duvet Set with Pipe - Grey","180.00"
"Peppa Pig School Bus Building Blocks","179.88"
"Harry Potter Luminous Drawing Board","179.88"
"Spaceways Padstow Metal Coat Stand - Black","176.00"
"Oakland Traditional Woven Grey Check Curtain 46 x 72""","174.93"
"Crayola Activity Set & Carry Case 75pc","168.87"
"Sahara Tassels Rug 60 x 110cm - Cream","165.00"
"Michigan Coat Rack With Shoe Storage","160.00"
"Roma Brushed Herringbone Double Duvet Set - Natural","160.00"
"LEGO Minecraft The Pig House","159.95"
"What Do You Meme Family Edition","159.92"
"Lokken 1-2-3 Shelving Unit & Baskets - White","152.00"
"Harris Check Brushed Cotton King Duvet Set with Pipe - Grey","150.00"
"Cosatto Cosy Dolls Pram","150.00"
"Lokken 4 Cube Basket Storage Unit - White","150.00"
"Goodmans Qi Wireless Charging Phone Stand","150.00"
"Mystica Shimmer Thermal Lined Silver Curtain 66 x 90""","150.00"
"Disney Encanto Antonio's Tree House","149.94"
"Heritage Collection Aspen Faux Fur Throw - Mink","144.00"
"Brick by Brick Classic Figure Collection 40pk","142.89"
"Mechanix Mechanised Motors - Racing","142.89"
"Tromso Shelf with Rail","140.00"
"Tromso Set of 3 Shelves","140.00"
"Goodmans Champagne Dome Kettle","140.00"
"LEGO Technic McLaren Senna GTR","139.96"
"Beldray Telescopic Ladder 2.9m","138.00"
"Terracotta Vase","136.00"
"Treasure X Dino Gold Pterodactyl Dino Dissection","135.92"
"Cambridge Blackout Panel 54 x 86"" - Dark Green","135.00"
"Nordic Cream Fur Rug 100 x 150cm","135.00"
"Lokken Floating Shelf 100cm - White","135.00"
"Silver Shimmer Metallic Rug 100 x 150cm","135.00"
"Silentnight Bounceback Pillow Pair","134.00"
"Sit 'n' Ride Red & Yellow","129.90"
"Fisher-Price Click, Clack & Stack Gift Set","129.90"
"Aspen Faux Fur Throw - Sage","128.00"
"Tromso Round Multi-Section Shelf","126.00"
"LEGO Technic Monster Jam Grave Digger","125.91"
"Goodmans Grey Geo Kettle","125.00"
"Geo Microplush Rug 110 x 160cm - Grey","125.00"
"Lokken Tall 4 Cube Basket Storage Shelves - White","125.00"
"Roma Brushed Herringbone King Duvet Set - Natural","125.00"
"Nerf Blaster Inline Scooter","124.95"
"Science & Play Scorpion Robot","124.95"
"Nescafe Dolce Gusto Piccolo XS Coffee Machine","120.00"
"Xbox Controller Alarm Clock - White","120.00"
"Luna Waffle King Duvet Set - Dark Green","120.00"
"LEGO Formula E Porsche 99X Electric","119.96"
"Colorado Hopsack Fully Lined Eyelet Curtain 46 x 72"" - Silver","119.94"
"Harry Potter Terrarium","119.90"
"Crayola Ultimate Light Board","118.93"
"Make Your Own Bath Bomb Set","116.91"
"Unicorn Sit n' Ride","116.91"
"Sticker Machine","116.91"
"Kids Crystal Creations - 3-in-1 Totally Fun Kit","116.91"
"LEGO Star Wars Dark Trooper Attack","114.95"
"Chunky Sherpa Throw - Mink","112.00"
"Disney Encanto Folding In-line Scooter","111.93"
"Light Up Army Hideout Tent","110.00"
"Tromso 3 Tier Corner Shelf","108.00"
"Maine Ladder Shelf","105.00"
"Cable Knit Sherpa Throw - Red","105.00"
"Cable Knit Sherpa Throw - Navy","105.00"
"Lokken Display Wall Shelf - Black","105.00"
"Glitter Make Up Case","104.93"
"Dried Flower Arrangement","104.00"
"Hobby World Pottery Wheel","103.92"
"Rubin Crinkle Double Duvet Set with Ties - Mink","100.00"
"Zuru X-Shot Turbo Fire & Fury 4 & Micro Blaster","100.00"
"Kent Woven Blackout Panel 54 x 86"" - Cream","100.00"
"Lara King Duvet Set - Sage","100.00"
"Kent Woven Blackout Panel 54 x 86"" - Grey","100.00"
"Tromso Tall Multi-Section Shelf","100.00"
"Microplush Geo Rug 110 x 160cm - Blush","99.95"
"LEGO Large Creative Brick Box","98.97"
"WWE Roman Reigns vs Finn Balor Action Figures 2pk","97.93"
"Heritage Collection Aspen Faux Fur Throw - Charcoal","96.00"
"Rainbow Inline Scooter","94.95"
"LEGO Harry Potter Hogwarts Moment Defence Class","93.96"
"Metal Hanging Stag","93.00"
"Forever Bracelets 2-in-1 Jewellery Set","90.93"
"Mystica Shimmer Thermal Lined Silver Curtain 46 x 72""","90.00"
"Ceramic Ribbed Candle - Pink","90.00"
"Fleur Green Double Duvet Set with Contrast Pipe","90.00"
"Teddy Rug 100 x 150cm - Charcoal","90.00"
"Tower Compact Oven 15L","90.00"
"Spaceways 2 Tier Garment Rail","90.00"
"LEGO Avatar Jake & Neytiri££s First Banshee Flight","89.97"
"Milkybar Gold Bar (Australia) 170g","89.70"
"Spaceways Padstow Metal Coat Stand - White","88.00"
"Ariana Velvet Cushion","88.00"
"Home Essentials Rug Grip Tape 7m","87.78"
"Operation Board Game","84.95"
"Star Wars The Child - Baby Yoda Plush Toy","84.95"
"Microplush Rug 60 x 110cm - Mink","84.00"
"Indigo Tufted Stripe Cushion with Tassels - Sage","84.00"
"Hedgehog Ornament","84.00"
"John West Pink Salmon in Brine 3 x 132g","83.79"
"L'Or Classique Instant Coffee 165g","81.43"
"Luna Waffle King Duvet Set - Natural","80.00"
"Bleached Flowers in Amber Vase","80.00"
"Peppa Pig Plush Family 4pk","80.00"
"Cra-Z-Compounds Kit","77.94"
"Tiffany's World Day Out At The Park","77.94"
"Dog Hopper","77.94"
"Ultimate Glamour Kit","77.94"
"Watch Controlled Helicopter","77.94"
"Lokken 5 Tier Corner Shelving - White","76.00"
"Audi R8 Remote Control Car - Grey","75.00"
"Versailles Silver Crushed Velvet Fully Lined Curtains 46 x 54""","75.00"
"Roma Boucle Panel 54 x 86"" - Cream","75.00"
"Lara King Duvet Set - Khaki","75.00"
"LEGO Marvel Spider-Man Figure","74.97"
"Michigan 4 Tier Storage Unit","72.00"
"LEGO Marvel Miles Morales Figure","71.96"
"Cheese Bone Dog Chew 160g - Large","71.91"
"Lexi Microplush Rug 60 x 110cm - Grey","70.00"
"Crystal Creations - Elephant","68.00"
"Zuru Smashers Epic Dino Egg Collectibles Series 3","67.96"
"Darwin Oak Effect Laminate Flooring 2.47sqm Pack","66.69"
"Zuru X-Shot Last Stand - Faze","66.00"
"Zuru X-Shot Last Stand - Graffiti","66.00"
"Goodmans Textured 2 Slice Toaster - Black & Rose Gold","66.00"
"LEGO Marvel Spiderman Venom Figure","65.97"
"Fast Traxx Pro Performance Executive Chair - Grey","65.00"
"Christmas Tealight Holder - Reindeer","65.00"
"Lokken 3 Drawer Desk & Shelves - White","65.00"
"Tie-Dye Slime Mega Set","64.95"
"Musical Piano Mat","64.95"
"Lokken Multi Section Shelf - Oak","64.00"
"Spaceways 4 Tier Extendable Shoe Rack","64.00"
"Aspen Throw - Black","64.00"
"Grand Ferrero Rocher 125g","63.84"
"Fox's Chocolatey Biscuit Selection Tin","63.75"
"Aqua Markers 50pk","60.00"
"Tromso 1 Tier Wide Shelf","60.00"
"Lexi Microplush Rug 110 x 160cm - Grey","60.00"
"Lokken 3 Drawer Desk with Shelving - Grey","60.00"
"Eucalyptus in Vase","60.00"
"Dynamite Hot Sauce 5pk","60.00"
"Alba Waffle Sherpa Throw","60.00"
"Alaska Faux Fur Rug 100 x 150cm - Cream","60.00"
"Highland Woven Check Panel 54 x 86"" - Red","60.00"
"Maine 3 Tier Corner Shelving - Grey","60.00"
"Kids Against Maturity","59.97"
"Norsk High Gloss Shelf 90cm - White","56.00"
"WWE Edge Action Figure","55.92"
"The Modern Gourmet Hot Sauce Challenge 206g","55.00"
"Kenco Millicano Americano Original 170g","54.90"
"Pedigree Vital Protection Dog Food in Jelly 12pk - Senior","53.88"
"Home Essentials Reusable Corner Rug Grips 8pk","53.82"
"Nescafe Original Extraforte 230g","52.64"
"Terry's Segsations Pouch 360g","52.50"
"Jewellery Box - Dragonfly","52.00"
"Light Up Crystal Canvas - Wolves","51.96"
"Artmaker Ultimate Colouring Case","51.96"
"Carnival Coin Push Machine","51.96"
"Light Up Crystal Canvas - Tiger","51.96"
"Light Up Crystal Canvas - Owls","51.96"
"Zuru X Shot Chaos","51.96"
"Zuru Oosh Slime - Green","51.87"
"Nescafe Dolce Gusto - Flat White 16pk","51.66"
"Tealight Holder - Christmas Tree","50.00"
"Kent Woven Blackout Panel 54 x 86"" - Navy","50.00"
"Rubin Crinkle King Duvet Set with Ties - Mink","50.00"
"Spaceways 5 Tier Shoe Rack","50.00"
"Goodmans Wireless Charging Alarm Clock","50.00"
"Michigan Desk - White","50.00"
"Choo Choo Train with Sounds","50.00"
"Roma Boucle Panel 54 x 86"" - Charcoal","50.00"
"Hasbro Keychain Games Super Pack 5pk","49.00"
"Make Your Own Super Spa Set","49.00"
"Paxo Sage & Onion Stuffing Mix 340g","48.42"
"Zuru X-Shot Dread - Warzone","48.00"
"Basket Weave Velvet Cushion - Sage","48.00"
"Zuru X-Shot Dread - Apocalypse","48.00"
"Zuru X-Shot Dread - Graffiti","48.00"
"Nerf Minecraft Stormlander Hammer","45.98"
"Maine 3 Tier Corner Shelving - White","45.00"
"Lokken Floating Shelf 100cm - Oak","45.00"
"Lokken 2 Cube Basket Storage - White","45.00"
"Luxury Faux Fur Rug 100 x 150cm - Blush","45.00"
"Sweetie Paws Pawtisserie Meaty Sweetie","45.00"
"Aspen Faux Fur Throw - Teal","45.00"
"Polygrip Denture Fixative Cream - Flavour Free","44.85"
"Cadbury Dairy Milk Advent Bar 270g","44.82"
"Heinz Tomato Soup 4 x 400g","44.07"
"Candle with Foliage - Snuggle Season","44.00"
"Thorntons Continental Chocolates 131g","43.89"
"UniBond RE-NEW Kitchen & Bathroom Sealant 100ml - White","41.94"
"Stag Tealight Holder","40.00"
"Pop Up Sensory Tent with Light","40.00"
"Zuru X-Shot 4 Blaster Combo Pack","40.00"
"Alva Clothes Rail","40.00"
"Blush Vase with Pampas","40.00"
"Christmas Oil Burner - Christmas Clove","40.00"
"Diamond Tufted Voile 55 x 90"" - Cream","40.00"
"Botanist Wall Shelf - Black","40.00"
"Aspen Cushion - Sage","40.00"
"Tromso Multi-Section Shelf - Gold","40.00"
"Tufted Leaf Voile 55 x 90"" - Sage","40.00"
"Ultimate Crystal Creations - Wild Animals","38.97"
"Zuru X-Shot Chaos Meteor","38.97"
"Play-Doh Mountain of Colours Play Set 20pc","38.97"
"Super Slingshot Arena Game","38.97"
"Bakers Dry Dog Food Chicken & Vegetables 3kg","38.94"
"Frozen 2 Artist Pad","38.87"
"Peppa Pig Artist Pad","38.87"
"Dinner Candle Holder Bowl","38.50"
"Webbox Rufus Complete Worker With Beef 15kg","37.96"
"Happy Sushi Rolls Dog Treats 112g - Chicken, Rice & Seaweed","37.50"
"Tribal Mono Tufted Cushion - Black/White","36.00"
"Face Oil Burner","36.00"
"Jewellery Box - Bee","36.00"
"Portable Power Washer 8L","36.00"
"Luna Waffle Double Duvet Set - Dark Green","36.00"
"Traditional Lace Voile 55 x 90"" - Grey","35.96"
"Traditional Lace Voile 55 x 90"" - White","35.96"
"Swizzles Sweetshop Favourites Box 450g","35.88"
"Oakland Traditional Woven Grey Check Curtain 66 x 72""","34.99"
"LEGO Bonsai Tree","34.99"
"Butcher's Puppy Meaty Chunks in Jelly Tins 6 x 400g","34.80"
"Heinz Ketchup 570g","34.00"
"Purina Go-Cat Food - Chicken & Turkey 750g","33.83"
"Bakers Meaty Meals Adult Dry Dog Food Beef 1kg","33.00"
"POW Grillers Flame Grilled Style - T Bone","32.28"
"Frosted Vase - Grey","32.00"
"Ocean Fresh Tuna Chunks in Oil 5 x 145g","30.51"
"Christmas Tealight Holder - Merry Christmas","30.00"
"Tealight Holder - Gingerbread Man","30.00"
"Huntsman Ambush Rifle","30.00"
"Kenco Rich Coffee 200g","30.00"
"Cambridge Blackout Panel 54 x 86"" - Grey","30.00"
"Goodmans Wireless Charging Alarm Clock Radio","30.00"
"Diamond Tufted All Over Voile 55 x 90"" - White","30.00"
"Dinosaur 3 Wheel Scooter","30.00"
"Cambridge Blackout Panel 54 x 86"" - Navy","30.00"
"Happy Sushi Rolls Dog Treats 112g - Fish, Rice & Seaweed","30.00"
"Wykeham Walnut Effect Laminate Flooring 2.47sqm Pack","30.00"
"Colorado Hopsack Fully Lined Eyelet Curtains 46 x 54"" - Silver","29.98"
"Cambridge Blackout Panel 54 x 86"" - Black","29.98"
"UniBond Wall Tile Adhesive and Grout Triple Protect - White 1.28kg","29.96"
"Disney Princess Artist Pad","29.90"
"Hertford Corned Beef 340g","29.88"
"Hobby World Clear PVA Glue - Clear","28.50"
"Street Food Sauces Van 8pk","28.00"
"ArtMaker Essentials: Manga","28.00"
"Small Donut Candle Holder","28.00"
"Doggie Delights Dog Treats 160g - Duck Soft Bones","28.00"
"LEGO Avatar Neytiri & Thanator vs. AMP Suit Quaritch","27.99"
"Cluedo","27.98"
"LEGO City Tractor","27.98"
"100 Classic Board Games","27.96"
"Rocket Bath Fizzer 500g","27.86"
"Candle with Foliage - Cream","27.50"
"Ribbed Ceramic Tealight Holder - Cream","27.00"
"Jaffa Cakes Tube 500g","27.00"
"Milkybar Cookies Bar (Australia) 180g","26.91"
"Kaleidoscope Ultimate Etch Art","25.98"
"Frustration","25.98"
"Toddler Counting Jars 75pk","25.98"
"Pets Pantry Complete Meaty Chunks Beef 2.75kg","25.83"
"Purina One Cat Food - Salmon 800g","25.74"
"Shimmer & Sparkle Real Massaging Foot Spa","25.00"
"Hurricane Candle Holder","25.00"
"Walls Cornetto Bath Fizzer 200g","25.00"
"McLaren 675LT Remote Control Car - Orange","25.00"
"McVities Victoria Biscuit Selection 550g","24.00"
"Zuru 36pk Dart Refil Pack","24.00"
"Zuru X-Shot Dread - K.O.!","24.00"
"Amber Plain Voile 55 x 90"" - Natural","24.00"
"Just Balmy 2D Barratt Sweet Treats Lip Balm Set","24.00"
"Nerf Elite Volt 2pk","24.00"
"Zuru X-Shot Dread - Special Ops","24.00"
"Play-Doh Create It Kit - Makin' Animals","24.00"
"Cheese Bone Dog Chew 110g - Medium","23.96"
"Lotus Biscoff Spread 200g","23.75"
"Sweetie Paws Pick & Mix Meaty Beans","22.50"
"Fox's Festive Snowman Selection Tin 350g","21.96"
"Woodland Nature Berry Candle - Gold Glitter","21.00"
"Eden King Duvet Set - Green","20.00"
"Hanging Wicker Heart - White","20.00"
"Apple Decorations 6pk","20.00"
"Sweetie Paws Pick & Mix Meaty Pops","20.00"
"Sky Hawk Aerial Drone","20.00"
"Highland Directors Selection Shortbread 1kg","20.00"
"Hanging Wicker Heart - Red","20.00"
"Urban Paradise Shelf 28cm - Black","20.00"
"Fisherman's Dog Treats 100g - Salmon Sticks","19.90"
"Bakers Meaty Meals Adult Small Dry Dog Food Chicken 1kg","19.25"
"Vanilla & Amber Bath Fizzer 130g - Lightening Bolt","19.00"
"Misfits Scruffy Bites 180g","18.06"
"Baileys Chocolate Covered Caramels 90g","18.00"
"Aero Peppermint Bubbles 201g","18.00"
"Munchies 216g","18.00"
"Eco Deco Glass Tealight Holder - Blush","18.00"
"Dried Grass Bunch","18.00"
"Malvern Shelf with Gold Bracket 80cm - Black","18.00"
"Quality Street Chocolates 240g","18.00"
"UniBond No More Nails Quick Drying Adhesive 290g","17.98"
"Home Essentials Anti Slip Rug Mat","17.97"
"Pedigree Puppy Dog Food in Jelly 12pk","17.96"
"Cadbury Dairy Milk Caramilk Buttons 90g","17.50"
"Cadbury Dairy Milk Caramel Nibbles 95g","17.50"
"Alba Natural Home Geo King Duvet Set with Pipe","17.00"
"Paxo Turkey & Bacon Stuffing Mix 170g","16.39"
"Scooby Snacks Steak Sensations 700g","16.25"
"Ceramic Oil Burner","16.00"
"Moon Oil Burner","16.00"
"Hot Chocolate Christmas Crackers 7pk","16.00"
"Frosted Vase - Blush","16.00"
"HP Honey BBQ Sauce 465g","16.00"
"Winter Berry Arrangement","16.00"
"Moon Trinket Dish - Blush","16.00"
"LEGO Minecraft The Trading Post","15.99"
"Zuru Oosh Slime - Pink","15.96"
"Sudocrem Antiseptic Healing Cream 60g","15.92"
"Ribbed Ceramic Tealight Holder - Blush","15.00"
"Skittles Pouch 152g","15.00"
"Corsodyl Daily Fluoride Toothpaste - Ultra Clean","14.95"
"Highland Classic Shortbread Selection 500g","14.94"
"Tromso Triangle Shelf","14.00"
"Georgia Lilly Belgian Chocolate Seashells 195g","14.00"
"Thorntons Pearls Hazelnut Delight Chocolates 167g","14.00"
"Fox's Winter Dessert Selection 250g","13.96"
"Heinz Seriously Good Mayonnaise 800ml","13.95"
"POW Roar Some Bites - Chicken","13.14"
"Reward Dog Treats 700g - Crunchy Bones","13.00"
"Colour Your Own Unicorn Cushion","12.99"
"My Crawling Bear","12.99"
"Ultimate Paint by Numbers Kit - Wild Animals","12.99"
"Bisto Gravy Granules 200g - Beef","12.50"
"Monopoly Counterfeit","12.00"
"Moon Wall Hanging","12.00"
"Warburtons Medium Wholemeal Bread 800g","12.00"
"Malvern Shelf with Gold Bracket 80cm - White","12.00"
"Willow Lace Tie Top Voile 55 x 90"" - White","12.00"
"Hobby World Clear PVA Glue - Blue","12.00"
"Batchelors Super Noodles 90g Chicken Flavour","12.00"
"Zuru X Shot Excel Micro","12.00"
"Geo Microplush Rug 60 x 110cm - Grey","12.00"
"Candle with Foliage - Let's Get Cosy","12.00"
"Chappie Dog Food 6 x 412g","11.98"
"Corsodyl Whitening Toothpaste 100ml","11.96"
"Fisherman's Dog Treats 100g - Salmon Buttons","11.94"
"Pedigree Biscrok Original Dog Treats 500g","11.12"
"Pets Pantry Complete Meaty Chunks Chicken 2.75kg","11.07"
"Maynards Sports Mix Juices 130g","11.00"
"POW Roar Some Bites - Duck","10.95"
"Gusto Mini Steaks Dog Treats 130g","10.95"
"McVities Family Circle 310g","10.50"
"Matchmakers Honeycomb 120g","10.00"
"Aero Chocolate Melts 92g","10.00"
"Geo Microplush Rug 60 x 110cm - Ochre","10.00"
"McVitie's BN Vanilla Flavoured Biscuits 285g","10.00"
"Tromso 1 Tier Shelf","10.00"
"Pink Pampas in Ribbed Vase","10.00"
"Fisherman's Dog Treats 100g - Salmon Slices","9.95"
"Nescafe Azera Americano Coffee 100g","9.87"
"Pataks Original Basmati Rice 250g","9.66"
"Heinz Tomato Ketchup 300ml","9.03"
"Pedigree Dog Food in Jelly 12pk","8.98"
"Bath Bar Fizzer 130g - Grapefruit","8.94"
"Tate & Lyle Cane Sugar Granulated 1kg","8.90"
"King Pot Noodle Bombay Bad Boy 114g","8.80"
"POW Buddies Molly the Cow Beef Chews","8.76"
"POW Buddies Ollie the Pig Pork Chews","8.76"
"Aero Caramel Melts 92g","8.75"
"Purina One Cat Food - Chicken 800g","8.58"
"POW Grillers Flame Grilled Style - Drumsticks","8.07"
"Zed Candy Mixed Case Minis 50g - Mini Chews","8.00"
"Aspen Faux Fur Cushion 48 x 48cm - Dark Green","8.00"
"Amber Plain Voile 55 x 90"" - Navy","8.00"
"Maryland Choc Chip Cookies Twin Pack 230g","8.00"
"Olde Sam's Sweet Shoppe Fruit Jellies 230g","8.00"
"Doggie Delights Dog Treats 160g - Chicken Soft Bones","8.00"
"Hamlet Belgian Chocolate Truffles 150g","8.00"
"Framed Candle Holder","8.00"
"Nestle Galak Speculoos 125g","7.96"
"Fray Bentos Minced Beef & Onion 425g","7.56"
"Pastazara Spaghetti 500g","7.50"
"POW Medium Meaty Twists","7.50"
"Hobby World Ultimate Brush Set 20pc","7.50"
"Haribo Giant Trees 160g","7.12"
"Woodland Nature Berry Candle - Silver Glitter","7.00"
"Munchies Caramel & Biscuit Sharing Bar 87g","7.00"
"Magic Show","6.99"
"Master Lock Locking Hasp 117mm","6.99"
"Oreo Festive Favourites Selection 170g","6.00"
"Doggie Delights Dog Treats 190g - Beef Strips","6.00"
"Pastazara Penne 500g","6.00"
"Hobby World Clear PVA Glue - Red","6.00"
"Baileys Luxury Fudge 170g","6.00"
"Drawer Organiser 8pc","6.00"
"Toy Story 4 Artist Pad","5.98"
"Fisherman's Dog Treats 100g - Sushi Twisters","5.97"
"Swizzles Sweetshop Favourites Box 324g","5.97"
"Yorkie Orange 46g","5.88"
"Pataks Original Basmati Pilau 250g","5.52"
"POW Grillers Flame Grilled Style - Kebabs","5.38"
"Nestle Cheerios 300g","5.16"
"Candles with Wreath 2pk - Acorn","5.00"
"Sweetie Paws Pawtisserie Meaty Chocs","5.00"
"Me to You Hot Chocolate Stirrer 30g - Milk","5.00"
"Skittles Squishy Cloudz Fruits 94g","5.00"
"Zed Candy Mixed Case Minis 50g - Mini Gumballs","5.00"
"McVitie's BN Chocolate Flavoured Biscuits 285g","5.00"
"Johnson's Baby Powder 200g","5.00"
"The Skinny Cookie Co Sugar Free Choc Chip Cookies 230g","5.00"
"Sweetie Paws Bakery Meaty Cookies - Large","5.00"
"Batchelors Savoury Rice Golden 90g","4.83"
"Pot Noodle Beef and Tomato Flavour 90g","4.45"
"Blue Dragon Long Grain Rice 250g","4.14"
"Zed Candy Mixed Case Minis Jelly Beans 50g - Green","4.00"
"Skin Techniques Hydrogel Eye Mask 3pk - Lavender","4.00"
"Doggie Delights Dog Treats 160g - Chicken Jerky Fillets","4.00"
"Jaffa Cakes Hamper 391g","4.00"
"Crystal Creations - Deer","4.00"
"Mushroom Trinket Tray","4.00"
"Danish Cookies 375g","4.00"
"Walls Twister Bath Fizzer 200g","4.00"
"Eco Deco Glass Tealight Holder - Pink","4.00"
"Cadbury Dairy Milk Bar 95g","4.00"
"Millions Bubblegum Bath Fizzer 200g","4.00"
"Werther's Original Vanilla Cream Soft Caramels 125g","4.00"
"Me to You Hot Chocolate Stirrer 30g - Orange","4.00"
"Fidget Cubes Series (Assorted)","3.99"
"Cadbury Dairy Milk White Giant Buttons 95g","3.75"
"Aero Peppermint Bubbles 80g","3.75"
"Nestle Yorkie Biscuits 3pk - Raisin & Biscuit","3.75"
"PEK Chopped Pork Gold 170g","3.75"
"Warburtons Toastie White Bread 800g","3.75"
"Whiskas Dentabites Cat Treats with Chicken 50g","3.45"
"Garfield Supremies 300g - Chicken & Cheese","3.25"
"Rowntree's Randoms - Squidgy Swirls 92g","3.00"
"Sunny Orange Bath Fizzer 130g - Rose","3.00"
"Scooby Snacks Scrappy-Doo Mini Soft Bites 200g - Peanut Butter","3.00"
"Veetee Dine In Basmati Rice 280g","3.00"
"Baileys Strawberries & Cream Heart Shaped Chocolates 90g","2.99"
"Pot Noodle Chicken & Mushroom 90g","2.67"
"Pot Noodle Bombay Bad Boy 90g","2.67"
"Agate Style Tray - Cream","2.50"
"King Pot Noodle Chicken & Mushroom 114g","2.20"
"Cadbury Caramel Twirl Limited Edition 43g","2.07"
"Lotus Biscoff Belgian Chocolate Biscuits 132g","2.00"
"Fox's Brandy Snaps 100g","2.00"
"Cadbury Dairy Milk Little Robins 77g","2.00"
"Skin Techniques Gold Hydrogel Collagen Lip Mask","2.00"
"Scooby Snacks Choc Drops 200g - Milk","1.69"
"Bath Bar Fizzer 130g - Sugar Berry","1.58"
"Princes Corned Beef 200g","1.50"
"Pedigree Misfits Wonky Chomp 2pk","1.29"
"The Natural Confectionery Co Juicy Snakes 130g","1.00"
"Vanilla & Amber Bath Fizzer 130g - Spaceship","1.00"
"Sunny Orange Bath Fizzer 130g - Sunflower","1.00"
"Cadbury Festive Friends 150g","0.89"
"Batchelors Super Noodles 90g BBQ Beef Flavour","0.75"